epoch,eval_logits/chosen,eval_logits/rejected,eval_logps/chosen,eval_logps/rejected,eval_loss,eval_rewards/accuracies,eval_rewards/chosen,eval_rewards/margins,eval_rewards/rejected,eval_runtime,eval_samples_per_second,eval_steps_per_second,grad_norm,learning_rate,logits/chosen,logits/rejected,logps/chosen,logps/rejected,loss,rewards/accuracies,rewards/chosen,rewards/margins,rewards/rejected,step,total_flos,train_loss,train_runtime,train_samples_per_second,train_steps_per_second
0.15594541910331383,,,,,,,,,,,,,15.44192886352539,1.8e-05,-2.128519058227539,-0.5579833984375,-195.6895751953125,-89.62333679199219,0.6476,0.5874999761581421,0.016464391723275185,0.09783747047185898,-0.08137308061122894,5,,,,,
0.31189083820662766,,,,,,,,,,,,,13.304025650024414,1.4666666666666666e-05,-2.217857599258423,-0.6666990518569946,-190.7484130859375,-93.5206069946289,0.4805,0.925000011920929,0.018384777009487152,0.5242843627929688,-0.5058995485305786,10,,,,,
0.4678362573099415,,,,,,,,,,,,,11.943352699279785,1.1333333333333334e-05,-2.2128586769104004,-0.7149602174758911,-186.87869262695312,-97.52308654785156,0.341,0.949999988079071,0.05689393728971481,0.9957152605056763,-0.9388213157653809,15,,,,,
0.6237816764132553,,,,,,,,,,,,,6.550196170806885,8.000000000000001e-06,-2.1512539386749268,-0.8535621762275696,-188.795654296875,-103.44808197021484,0.2928,0.987500011920929,-0.008670021779835224,1.2660562992095947,-1.2747262716293335,20,,,,,
0.7797270955165692,,,,,,,,,,,,,5.748325824737549,4.666666666666667e-06,-2.193096876144409,-0.6592487692832947,-207.8987579345703,-107.0912094116211,0.2165,0.9750000238418579,0.025384893640875816,1.639487862586975,-1.6141029596328735,25,,,,,
0.935672514619883,,,,,,,,,,,,,5.329214572906494,1.3333333333333334e-06,-2.232846736907959,-0.791455090045929,-188.94338989257812,-106.45820617675781,0.2065,0.987500011920929,0.018503431230783463,1.6997486352920532,-1.6812450885772705,30,,,,,
0.9980506822612085,-2.198103189468384,-0.8904744982719421,-187.33990478515625,-105.6449203491211,0.2587259113788605,0.9583333134651184,-0.07801803201436996,1.5069559812545776,-1.584973931312561,418.3274,0.229,0.229,,,,,,,,,,,,32,,,,,
0.9980506822612085,,,,,,,,,,,,,,,,,,,,,,,,32,0.0,0.3529990501701832,9745.7131,0.053,0.003
0.9980506822612085,-2.198103189468384,-0.8904744982719421,-187.33990478515625,-105.6449203491211,0.2587259113788605,0.9583333134651184,-0.07801803201436996,1.5069559812545776,-1.584973931312561,470.9744,0.204,0.204,,,,,,,,,,,,32,,,,,
